MMSI,BaseDateTime,LAT,LON,SOG,COG,Heading,VesselName,IMO,CallSign,VesselType,Status,Length,Width,Draft,Cargo,TransceiverClass
368376130,2025-09-05T02:50:38,28.77815,-91.43181,4.7,154.6,511.0,THEO C,IMO8890322,WDP6820,52,0,34,12,3.7,52,A
368376130,2025-09-05T01:18:08,28.87080,-91.51934,4.9,143.6,511.0,THEO C,IMO8890322,WDP6820,52,0,34,12,3.7,52,A
367563240,2025-09-03T13:42:34,28.89006,-91.47086,6.4,299.3,305.0,PATRICA JEAN,IMO7829340,WDG7036,31,11,30,10,4.0,31,A
367563240,2025-09-03T13:41:24,28.88911,-91.46890,5.7,297.8,304.0,PATRICA JEAN,IMO7829340,WDG7036,31,11,30,10,4.0,31,A
367563240,2025-09-03T13:38:24,28.88625,-91.46301,8.5,299.6,304.0,PATRICA JEAN,IMO7829340,WDG7036,31,11,30,10,4.0,31,A
367563240,2025-09-03T13:36:06,28.88354,-91.45764,8.5,300.0,305.0,PATRICA JEAN,IMO7829340,WDG7036,31,11,30,10,4.0,31,A
367563240,2025-09-03T13:34:56,28.88216,-91.45493,8.5,300.0,305.0,PATRICA JEAN,IMO7829340,WDG7036,31,11,30,10,4.0,31,A
367563240,2025-09-03T13:32:56,28.87980,-91.45029,8.5,299.8,305.0,PATRICA JEAN,IMO7829340,WDG7036,31,11,30,10,4.0,31,A
367563240,2025-09-03T13:31:55,28.87860,-91.44793,8.4,300.2,305.0,PATRICA JEAN,IMO7829340,WDG7036,31,11,30,10,4.0,31,A
367563240,2025-09-03T13:30:46,28.87724,-91.44528,8.5,299.9,304.0,PATRICA JEAN,IMO7829340,WDG7036,31,11,30,10,4.0,31,A
367563240,2025-09-03T13:29:24,28.87566,-91.44212,8.4,300.0,306.0,PATRICA JEAN,IMO7829340,WDG7036,31,11,30,10,4.0,31,A
367563240,2025-09-03T13:27:15,28.87314,-91.43717,8.4,299.9,305.0,PATRICA JEAN,IMO7829340,WDG7036,31,11,30,10,4.0,31,A
367563240,2025-09-03T13:26:14,28.87198,-91.43482,8.4,299.9,305.0,PATRICA JEAN,IMO7829340,WDG7036,31,11,30,10,4.0,31,A
367500230,2025-09-03T12:32:25,28.80478,-91.56693,4.7,266.4,511.0,MICHELLE,IMO1234397,WDF8945,90,1,39,33,2.5,90,A
367500230,2025-09-03T12:31:23,28.80488,-91.56539,4.8,269.0,511.0,MICHELLE,IMO1234397,WDF8945,90,1,39,33,2.5,90,A
367500230,2025-09-03T12:26:54,28.80490,-91.55876,4.9,273.5,511.0,MICHELLE,IMO1234397,WDF8945,90,1,39,33,2.5,90,A
367500230,2025-09-03T12:25:14,28.80501,-91.55628,4.7,264.2,511.0,MICHELLE,IMO1234397,WDF8945,90,1,39,33,2.5,90,A
367500230,2025-09-03T12:23:56,28.80527,-91.55337,4.6,266.1,511.0,MICHELLE,IMO1234397,WDF8945,90,1,39,33,2.5,90,A
367500230,2025-09-03T12:22:54,28.80529,-91.55290,4.5,264.1,511.0,MICHELLE,IMO1234397,WDF8945,90,1,39,33,2.5,90,A
367500230,2025-09-03T12:21:44,28.80532,-91.55118,4.6,268.2,511.0,MICHELLE,IMO1234397,WDF8945,90,1,39,33,2.5,90,A
367500230,2025-09-03T12:19:54,28.80538,-91.54846,4.6,266.2,511.0,MICHELLE,IMO1234397,WDF8945,90,1,39,33,2.5,90,A
367500230,2025-09-03T12:18:44,28.80544,-91.54673,4.6,267.8,511.0,MICHELLE,IMO1234397,WDF8945,90,1,39,33,2.5,90,A
367500230,2025-09-03T12:17:35,28.80549,-91.54505,4.4,264.3,511.0,MICHELLE,IMO1234397,WDF8945,90,1,39,33,2.5,90,A
367500230,2025-09-03T12:16:23,28.80550,-91.54329,4.6,271.6,511.0,MICHELLE,IMO1234397,WDF8945,90,1,39,33,2.5,90,A
367500230,2025-09-03T12:14:23,28.80545,-91.54037,4.7,269.7,511.0,MICHELLE,IMO1234397,WDF8945,90,1,39,33,2.5,90,A
367500230,2025-09-03T12:13:04,28.80551,-91.53848,4.5,264.9,511.0,MICHELLE,IMO1234397,WDF8945,90,1,39,33,2.5,90,A
367500230,2025-09-03T12:11:53,28.80566,-91.53678,4.7,265.8,511.0,MICHELLE,IMO1234397,WDF8945,90,1,39,33,2.5,90,A
367500230,2025-09-03T12:10:25,28.80580,-91.53472,4.6,266.3,511.0,MICHELLE,IMO1234397,WDF8945,90,1,39,33,2.5,90,A
367500230,2025-09-03T12:08:25,28.80581,-91.53174,4.5,269.1,511.0,MICHELLE,IMO1234397,WDF8945,90,1,39,33,2.5,90,A
367500230,2025-09-03T12:07:24,28.80579,-91.53030,4.9,273.6,511.0,MICHELLE,IMO1234397,WDF8945,90,1,39,33,2.5,90,A
367500230,2025-09-03T12:06:13,28.80575,-91.52855,4.7,270.9,511.0,MICHELLE,IMO1234397,WDF8945,90,1,39,33,2.5,90,A
367500230,2025-09-03T12:04:44,28.80592,-91.52636,4.6,263.3,511.0,MICHELLE,IMO1234397,WDF8945,90,1,39,33,2.5,90,A
367500230,2025-09-03T12:03:04,28.80604,-91.52394,4.5,265.4,511.0,MICHELLE,IMO1234397,WDF8945,90,1,39,33,2.5,90,A
367500230,2025-09-03T12:01:54,28.80612,-91.52219,4.6,267.5,511.0,MICHELLE,IMO1234397,WDF8945,90,1,39,33,2.5,90,A
367500230,2025-09-03T12:00:05,28.80611,-91.51952,4.6,269.9,511.0,MICHELLE,IMO1234397,WDF8945,90,1,39,33,2.5,90,A
367500230,2025-09-03T12:00:05,28.80611,-91.51952,4.6,269.9,511.0,MICHELLE,IMO1234397,WDF8945,90,1,39,33,2.5,90,A
367500230,2025-09-03T11:59:54,28.80611,-91.51924,4.7,269.4,511.0,MICHELLE,IMO1234397,WDF8945,90,1,39,33,2.5,90,A
367500230,2025-09-03T11:57:25,28.80612,-91.51554,4.7,271.6,511.0,MICHELLE,IMO1234397,WDF8945,90,1,39,33,2.5,90,A
367500230,2025-09-03T11:56:24,28.80611,-91.51411,4.7,272.7,511.0,MICHELLE,IMO1234397,WDF8945,90,1,39,33,2.5,90,A
367500230,2025-09-03T11:55:05,28.80613,-91.51217,4.9,269.7,511.0,MICHELLE,IMO1234397,WDF8945,90,1,39,33,2.5,90,A
367500230,2025-09-03T11:54:04,28.80616,-91.51065,4.5,266.8,511.0,MICHELLE,IMO1234397,WDF8945,90,1,39,33,2.5,90,A
367500230,2025-09-03T11:52:25,28.80624,-91.50821,4.6,266.6,511.0,MICHELLE,IMO1234397,WDF8945,90,1,39,33,2.5,90,A
367500230,2025-09-03T11:50:04,28.80617,-91.50476,4.8,271.0,511.0,MICHELLE,IMO1234397,WDF8945,90,1,39,33,2.5,90,A
367500230,2025-09-03T11:48:35,28.80613,-91.50255,4.7,272.8,511.0,MICHELLE,IMO1234397,WDF8945,90,1,39,33,2.5,90,A
367500230,2025-09-03T11:47:24,28.80603,-91.50078,4.7,271.8,511.0,MICHELLE,IMO1234397,WDF8945,90,1,39,33,2.5,90,A
367500230,2025-09-03T11:45:44,28.80597,-91.49826,4.7,272.1,511.0,MICHELLE,IMO1234397,WDF8945,90,1,39,33,2.5,90,A
367500230,2025-09-03T11:43:45,28.80595,-91.49532,4.7,270.9,511.0,MICHELLE,IMO1234397,WDF8945,90,1,39,33,2.5,90,A
367500230,2025-09-03T11:40:45,28.80603,-91.49087,4.7,266.0,511.0,MICHELLE,IMO1234397,WDF8945,90,1,39,33,2.5,90,A
367500230,2025-09-03T11:38:54,28.80617,-91.48813,4.7,269.0,511.0,MICHELLE,IMO1234397,WDF8945,90,1,39,33,2.5,90,A
367500230,2025-09-03T11:37:25,28.80621,-91.48587,4.7,267.1,511.0,MICHELLE,IMO1234397,WDF8945,90,1,39,33,2.5,90,A
367500230,2025-09-03T11:36:13,28.80623,-91.48408,4.7,266.8,511.0,MICHELLE,IMO1234397,WDF8945,90,1,39,33,2.5,90,A
367500230,2025-09-03T11:32:15,28.80626,-91.47808,4.7,272.0,511.0,MICHELLE,IMO1234397,WDF8945,90,1,39,33,2.5,90,A
367500230,2025-09-03T11:31:13,28.80627,-91.47655,4.7,268.2,511.0,MICHELLE,IMO1234397,WDF8945,90,1,39,33,2.5,90,A
367500230,2025-09-03T11:29:35,28.80638,-91.47407,4.7,265.7,511.0,MICHELLE,IMO1234397,WDF8945,90,1,39,33,2.5,90,A
367500230,2025-09-03T11:28:24,28.80647,-91.47229,4.8,265.4,511.0,MICHELLE,IMO1234397,WDF8945,90,1,39,33,2.5,90,A
367500230,2025-09-03T11:27:13,28.80661,-91.47051,4.9,268.5,511.0,MICHELLE,IMO1234397,WDF8945,90,1,39,33,2.5,90,A
367500230,2025-09-03T11:24:13,28.80667,-91.46589,4.8,268.2,511.0,MICHELLE,IMO1234397,WDF8945,90,1,39,33,2.5,90,A
367500230,2025-09-03T11:22:55,28.80670,-91.46387,4.9,269.0,511.0,MICHELLE,IMO1234397,WDF8945,90,1,39,33,2.5,90,A
367500230,2025-09-03T11:21:03,28.80669,-91.46105,4.9,271.2,511.0,MICHELLE,IMO1234397,WDF8945,90,1,39,33,2.5,90,A
367500230,2025-09-03T11:19:03,28.80656,-91.45790,5.0,272.8,511.0,MICHELLE,IMO1234397,WDF8945,90,1,39,33,2.5,90,A
367500230,2025-09-03T11:17:34,28.80647,-91.45557,5.0,272.7,511.0,MICHELLE,IMO1234397,WDF8945,90,1,39,33,2.5,90,A
367500230,2025-09-03T11:15:45,28.80639,-91.45274,4.9,269.8,511.0,MICHELLE,IMO1234397,WDF8945,90,1,39,33,2.5,90,A
367500230,2025-09-03T11:14:25,28.80647,-91.45071,4.6,267.1,511.0,MICHELLE,IMO1234397,WDF8945,90,1,39,33,2.5,90,A
367500230,2025-09-03T11:13:05,28.80660,-91.44872,4.8,260.6,511.0,MICHELLE,IMO1234397,WDF8945,90,1,39,33,2.5,90,A
367500230,2025-09-03T11:11:34,28.80687,-91.44649,4.7,266.8,511.0,MICHELLE,IMO1234397,WDF8945,90,1,39,33,2.5,90,A
367500230,2025-09-03T11:10:05,28.80683,-91.44418,4.9,269.2,511.0,MICHELLE,IMO1234397,WDF8945,90,1,39,33,2.5,90,A
367500230,2025-09-03T11:09:03,28.80693,-91.44261,4.8,263.2,511.0,MICHELLE,IMO1234397,WDF8945,90,1,39,33,2.5,90,A
367500230,2025-09-03T11:07:53,28.80723,-91.44093,4.7,255.7,511.0,MICHELLE,IMO1234397,WDF8945,90,1,39,33,2.5,90,A
367500230,2025-09-03T11:06:44,28.80765,-91.43926,4.9,256.3,511.0,MICHELLE,IMO1234397,WDF8945,90,1,39,33,2.5,90,A
367500230,2025-09-03T11:04:43,28.80792,-91.43619,5.0,271.1,511.0,MICHELLE,IMO1234397,WDF8945,90,1,39,33,2.5,90,A
367500230,2025-09-03T11:03:25,28.80789,-91.43413,4.8,267.1,511.0,MICHELLE,IMO1234397,WDF8945,90,1,39,33,2.5,90,A
367500230,2025-09-03T11:00:44,28.80869,-91.43025,4.8,259.5,511.0,MICHELLE,IMO1234397,WDF8945,90,1,39,33,2.5,90,A
367500230,2025-09-03T11:00:05,28.80876,-91.42924,5.1,273.3,511.0,MICHELLE,IMO1234397,WDF8945,90,1,39,33,2.5,90,A
367123560,2025-09-05T17:23:47,28.89038,-91.54247,8.4,73.0,511.0,KYLIE D,IMO8658102,WDJ2577,70,8,40,10,0.0,70,A
367123560,2025-09-05T17:22:37,28.88959,-91.54552,8.5,73.4,511.0,KYLIE D,IMO8658102,WDJ2577,70,8,40,10,0.0,70,A
367123560,2025-09-05T17:21:07,28.88859,-91.54942,8.5,73.4,511.0,KYLIE D,IMO8658102,WDJ2577,70,8,40,10,0.0,70,A
367123560,2025-09-05T17:19:18,28.88736,-91.55419,8.5,73.5,511.0,KYLIE D,IMO8658102,WDJ2577,70,8,40,10,0.0,70,A
367123560,2025-09-05T17:18:07,28.88657,-91.55731,8.7,72.8,511.0,KYLIE D,IMO8658102,WDJ2577,70,8,40,10,0.0,70,A
367123560,2025-09-05T17:15:58,28.88518,-91.56300,8.6,76.2,511.0,KYLIE D,IMO8658102,WDJ2577,70,8,40,10,0.0,70,A
367123560,2025-09-05T17:14:48,28.88445,-91.56617,8.9,76.3,511.0,KYLIE D,IMO8658102,WDJ2577,70,8,40,10,0.0,70,A
367123560,2025-09-04T20:48:36,28.82836,-91.55091,9.4,300.4,511.0,KYLIE D,IMO8658102,WDJ2577,70,8,40,10,0.0,70,A
367123560,2025-09-04T20:30:55,28.80576,-91.50459,9.2,298.0,511.0,KYLIE D,IMO8658102,WDJ2577,70,8,40,10,0.0,70,A
367123560,2025-09-04T20:16:55,28.78987,-91.46768,9.1,293.2,511.0,KYLIE D,IMO8658102,WDJ2577,70,8,40,10,0.0,70,A
367123560,2025-09-04T20:15:15,28.78809,-91.46335,9.1,294.5,511.0,KYLIE D,IMO8658102,WDJ2577,70,8,40,10,0.0,70,A
367123560,2025-09-04T20:12:56,28.78570,-91.45718,8.9,295.5,511.0,KYLIE D,IMO8658102,WDJ2577,70,8,40,10,0.0,70,A
367156260,2025-09-02T19:43:11,28.87775,-91.42774,9.6,137.2,136.0,WARREN THOMAS,IMO9399454,WDJ6269,90,0,46,11,0.0,0,A
367156260,2025-09-02T19:40:11,28.88361,-91.43391,9.7,137.4,135.0,WARREN THOMAS,IMO9399454,WDJ6269,90,0,46,11,0.0,0,A
367156260,2025-09-02T19:38:21,28.88721,-91.43769,9.8,135.8,135.0,WARREN THOMAS,IMO9399454,WDJ6269,90,0,46,11,0.0,0,A
367156260,2025-09-02T07:19:58,28.89028,-91.52507,2.4,16.5,76.0,WARREN THOMAS,IMO9399454,WDJ6269,90,0,46,11,0.0,0,A
367156260,2025-09-02T07:18:05,28.88872,-91.52454,4.8,314.8,324.0,WARREN THOMAS,IMO9399454,WDJ6269,90,0,46,11,0.0,0,A
367156260,2025-09-02T06:46:34,28.87347,-91.47375,4.6,292.1,283.0,WARREN THOMAS,IMO9399454,WDJ6269,90,0,46,11,0.0,0,A
367156260,2025-09-02T06:42:15,28.87290,-91.47119,3.6,337.3,22.0,WARREN THOMAS,IMO9399454,WDJ6269,90,0,46,11,0.0,0,A
367156260,2025-09-02T05:53:38,28.82932,-91.43881,4.1,321.6,322.0,WARREN THOMAS,IMO9399454,WDJ6269,90,0,46,11,0.0,0,A
367156260,2025-09-02T05:46:38,28.82129,-91.43377,1.9,38.3,65.0,WARREN THOMAS,IMO9399454,WDJ6269,90,0,46,11,0.0,0,A
367156260,2025-09-02T05:33:11,28.81978,-91.44233,1.9,78.1,99.0,WARREN THOMAS,IMO9399454,WDJ6269,90,0,46,11,0.0,0,A
367156260,2025-09-02T05:27:59,28.82051,-91.44219,1.0,322.9,121.0,WARREN THOMAS,IMO9399454,WDJ6269,90,0,46,11,0.0,0,A
367156260,2025-09-02T01:49:31,28.84675,-91.42777,1.5,154.5,134.0,WARREN THOMAS,IMO9399454,WDJ6269,90,0,46,11,0.0,0,A
367156260,2025-09-02T01:46:02,28.84812,-91.42871,1.6,140.6,133.0,WARREN THOMAS,IMO9399454,WDJ6269,90,0,46,11,0.0,0,A
367156260,2025-09-02T01:44:12,28.84884,-91.42921,1.6,144.4,133.0,WARREN THOMAS,IMO9399454,WDJ6269,90,0,46,11,0.0,0,A
367156260,2025-09-02T01:42:41,28.84942,-91.42960,1.4,144.0,132.0,WARREN THOMAS,IMO9399454,WDJ6269,90,0,46,11,0.0,0,A
367156260,2025-09-02T01:40:52,28.85011,-91.43011,1.5,139.6,133.0,WARREN THOMAS,IMO9399454,WDJ6269,90,0,46,11,0.0,0,A
367156260,2025-09-02T01:39:41,28.85055,-91.43043,1.6,148.7,134.0,WARREN THOMAS,IMO9399454,WDJ6269,90,0,46,11,0.0,0,A
367156260,2025-09-02T01:38:11,28.85111,-91.43083,1.5,136.1,132.0,WARREN THOMAS,IMO9399454,WDJ6269,90,0,46,11,0.0,0,A
367156260,2025-09-02T01:36:52,28.85161,-91.43118,1.7,146.4,134.0,WARREN THOMAS,IMO9399454,WDJ6269,90,0,46,11,0.0,0,A
367156260,2025-09-02T01:34:11,28.85264,-91.43189,1.7,158.0,134.0,WARREN THOMAS,IMO9399454,WDJ6269,90,0,46,11,0.0,0,A
367156260,2025-09-02T01:32:11,28.85340,-91.43241,1.6,153.0,134.0,WARREN THOMAS,IMO9399454,WDJ6269,90,0,46,11,0.0,0,A
367156260,2025-09-02T01:30:52,28.85392,-91.43274,1.7,159.5,133.0,WARREN THOMAS,IMO9399454,WDJ6269,90,0,46,11,0.0,0,A
367156260,2025-09-02T01:29:22,28.85450,-91.43314,1.7,143.6,134.0,WARREN THOMAS,IMO9399454,WDJ6269,90,0,46,11,0.0,0,A
367156260,2025-09-02T01:27:22,28.85527,-91.43367,1.4,149.9,134.0,WARREN THOMAS,IMO9399454,WDJ6269,90,0,46,11,0.0,0,A
367156260,2025-09-02T01:25:52,28.85586,-91.43404,1.5,155.5,133.0,WARREN THOMAS,IMO9399454,WDJ6269,90,0,46,11,0.0,0,A
367156260,2025-09-02T01:24:01,28.85657,-91.43451,1.6,163.4,134.0,WARREN THOMAS,IMO9399454,WDJ6269,90,0,46,11,0.0,0,A
367156260,2025-09-02T01:22:52,28.85701,-91.43479,1.6,144.4,132.0,WARREN THOMAS,IMO9399454,WDJ6269,90,0,46,11,0.0,0,A
367156260,2025-09-02T01:21:31,28.85752,-91.43511,1.4,163.7,134.0,WARREN THOMAS,IMO9399454,WDJ6269,90,0,46,11,0.0,0,A
367156260,2025-09-02T01:19:22,28.85837,-91.43556,1.5,150.3,133.0,WARREN THOMAS,IMO9399454,WDJ6269,90,0,46,11,0.0,0,A
367156260,2025-09-02T01:18:01,28.85891,-91.43582,1.6,155.9,134.0,WARREN THOMAS,IMO9399454,WDJ6269,90,0,46,11,0.0,0,A
367156260,2025-09-02T01:15:22,28.86000,-91.43635,1.5,165.9,134.0,WARREN THOMAS,IMO9399454,WDJ6269,90,0,46,11,0.0,0,A
367156260,2025-09-02T01:14:01,28.86057,-91.43659,1.7,167.8,133.0,WARREN THOMAS,IMO9399454,WDJ6269,90,0,46,11,0.0,0,A
367156260,2025-09-02T01:11:22,28.86174,-91.43703,1.5,149.4,133.0,WARREN THOMAS,IMO9399454,WDJ6269,90,0,46,11,0.0,0,A
367156260,2025-09-02T01:08:42,28.86296,-91.43753,1.8,150.1,133.0,WARREN THOMAS,IMO9399454,WDJ6269,90,0,46,11,0.0,0,A
367156260,2025-09-02T01:07:12,28.86365,-91.43787,1.8,154.0,133.0,WARREN THOMAS,IMO9399454,WDJ6269,90,0,46,11,0.0,0,A
367156260,2025-09-02T01:05:42,28.86430,-91.43824,1.6,150.6,133.0,WARREN THOMAS,IMO9399454,WDJ6269,90,0,46,11,0.0,0,A
367156260,2025-09-02T01:04:12,28.86496,-91.43860,1.8,162.7,134.0,WARREN THOMAS,IMO9399454,WDJ6269,90,0,46,11,0.0,0,A
367156260,2025-09-02T01:02:12,28.86579,-91.43912,1.7,142.5,133.0,WARREN THOMAS,IMO9399454,WDJ6269,90,0,46,11,0.0,0,A
367156260,2025-09-02T01:00:11,28.86664,-91.43963,1.5,153.3,132.0,WARREN THOMAS,IMO9399454,WDJ6269,90,0,46,11,0.0,0,A
367156260,2025-09-02T00:58:42,28.86728,-91.44001,1.7,154.4,133.0,WARREN THOMAS,IMO9399454,WDJ6269,90,0,46,11,0.0,0,A
367156260,2025-09-02T00:56:11,28.86830,-91.44068,1.6,150.1,133.0,WARREN THOMAS,IMO9399454,WDJ6269,90,0,46,11,0.0,0,A
367156260,2025-09-02T00:54:42,28.86890,-91.44110,1.6,149.8,133.0,WARREN THOMAS,IMO9399454,WDJ6269,90,0,46,11,0.0,0,A
367156260,2025-09-02T00:51:32,28.87019,-91.44192,1.6,149.5,133.0,WARREN THOMAS,IMO9399454,WDJ6269,90,0,46,11,0.0,0,A
367156260,2025-09-02T00:49:41,28.87096,-91.44239,1.8,159.7,133.0,WARREN THOMAS,IMO9399454,WDJ6269,90,0,46,11,0.0,0,A
367156260,2025-09-02T00:48:31,28.87146,-91.44268,1.9,161.1,133.0,WARREN THOMAS,IMO9399454,WDJ6269,90,0,46,11,0.0,0,A
367156260,2025-09-02T00:46:31,28.87231,-91.44319,1.6,147.1,133.0,WARREN THOMAS,IMO9399454,WDJ6269,90,0,46,11,0.0,0,A
367156260,2025-09-02T00:43:11,28.87375,-91.44414,1.8,165.3,133.0,WARREN THOMAS,IMO9399454,WDJ6269,90,0,46,11,0.0,0,A
367156260,2025-09-02T00:41:11,28.87463,-91.44472,1.8,153.9,134.0,WARREN THOMAS,IMO9399454,WDJ6269,90,0,46,11,0.0,0,A
367156260,2025-09-02T00:39:42,28.87527,-91.44514,1.6,149.0,133.0,WARREN THOMAS,IMO9399454,WDJ6269,90,0,46,11,0.0,0,A
367156260,2025-09-02T00:37:21,28.87629,-91.44582,1.7,149.6,133.0,WARREN THOMAS,IMO9399454,WDJ6269,90,0,46,11,0.0,0,A
367156260,2025-09-02T00:30:42,28.87917,-91.44765,1.7,149.4,133.0,WARREN THOMAS,IMO9399454,WDJ6269,90,0,46,11,0.0,0,A
367156260,2025-09-02T00:29:32,28.87967,-91.44798,1.7,144.4,133.0,WARREN THOMAS,IMO9399454,WDJ6269,90,0,46,11,0.0,0,A
367156260,2025-09-02T00:28:22,28.88017,-91.44828,1.8,153.1,133.0,WARREN THOMAS,IMO9399454,WDJ6269,90,0,46,11,0.0,0,A
367156260,2025-09-02T00:25:11,28.88150,-91.44919,1.7,145.0,134.0,WARREN THOMAS,IMO9399454,WDJ6269,90,0,46,11,0.0,0,A
367156260,2025-09-02T00:22:51,28.88247,-91.44986,1.8,142.3,132.0,WARREN THOMAS,IMO9399454,WDJ6269,90,0,46,11,0.0,0,A
367156260,2025-09-02T00:21:42,28.88296,-91.45017,1.8,153.4,134.0,WARREN THOMAS,IMO9399454,WDJ6269,90,0,46,11,0.0,0,A
367156260,2025-09-02T00:20:31,28.88346,-91.45051,1.6,138.8,133.0,WARREN THOMAS,IMO9399454,WDJ6269,90,0,46,11,0.0,0,A
367156260,2025-09-02T00:19:01,28.88408,-91.45093,1.7,155.0,134.0,WARREN THOMAS,IMO9399454,WDJ6269,90,0,46,11,0.0,0,A
367156260,2025-09-02T00:17:52,28.88456,-91.45124,1.6,153.4,133.0,WARREN THOMAS,IMO9399454,WDJ6269,90,0,46,11,0.0,0,A
367156260,2025-09-02T00:16:01,28.88535,-91.45174,1.8,156.8,133.0,WARREN THOMAS,IMO9399454,WDJ6269,90,0,46,11,0.0,0,A
367156260,2025-09-02T00:14:41,28.88590,-91.45211,1.7,152.7,133.0,WARREN THOMAS,IMO9399454,WDJ6269,90,0,46,11,0.0,0,A
367156260,2025-09-02T00:13:01,28.88659,-91.45255,1.5,147.4,133.0,WARREN THOMAS,IMO9399454,WDJ6269,90,0,46,11,0.0,0,A
367156260,2025-09-02T00:09:52,28.88791,-91.45332,1.7,147.6,133.0,WARREN THOMAS,IMO9399454,WDJ6269,90,0,46,11,0.0,0,A
367156260,2025-09-02T00:07:22,28.88897,-91.45399,1.8,159.7,134.0,WARREN THOMAS,IMO9399454,WDJ6269,90,0,46,11,0.0,0,A
367156260,2025-09-02T00:05:51,28.88961,-91.45439,1.6,142.1,133.0,WARREN THOMAS,IMO9399454,WDJ6269,90,0,46,11,0.0,0,A
367156260,2025-09-02T00:03:51,28.89046,-91.45492,1.6,150.3,133.0,WARREN THOMAS,IMO9399454,WDJ6269,90,0,46,11,0.0,0,A
367156260,2025-09-02T00:02:41,28.89097,-91.45524,1.7,157.6,133.0,WARREN THOMAS,IMO9399454,WDJ6269,90,0,46,11,0.0,0,A
367509350,2025-09-05T08:44:21,28.82235,-91.52255,17.4,103.7,511.0,CONNOR ANTHONY,IMO8977132,WDF9838,60,0,42,9,7.0,60,A
367509350,2025-09-04T15:16:06,28.86160,-91.44536,17.3,336.3,511.0,CONNOR ANTHONY,IMO8977132,WDF9838,60,0,42,9,7.0,60,A
367509350,2025-09-03T15:14:27,28.79690,-91.43341,16.3,81.5,511.0,CONNOR ANTHONY,IMO8977132,WDF9838,60,0,42,9,7.0,60,A
367509350,2025-09-03T15:04:45,28.79393,-91.48315,17.1,128.7,511.0,CONNOR ANTHONY,IMO8977132,WDF9838,60,0,42,9,7.0,60,A
367509350,2025-09-03T14:58:10,28.80971,-91.51402,17.4,107.9,511.0,CONNOR ANTHONY,IMO8977132,WDF9838,60,0,42,9,7.0,60,A
367509350,2025-09-03T14:55:10,28.81749,-91.52732,17.2,128.5,511.0,CONNOR ANTHONY,IMO8977132,WDF9838,60,0,42,9,7.0,60,A
367509350,2025-09-03T14:53:34,28.81890,-91.53577,17.0,91.2,511.0,CONNOR ANTHONY,IMO8977132,WDF9838,60,0,42,9,7.0,60,A
367509350,2025-09-03T14:52:28,28.82001,-91.54164,17.3,109.3,511.0,CONNOR ANTHONY,IMO8977132,WDF9838,60,0,42,9,7.0,60,A
367509350,2025-09-03T14:51:03,28.82270,-91.54867,17.4,114.7,511.0,CONNOR ANTHONY,IMO8977132,WDF9838,60,0,42,9,7.0,60,A
367509350,2025-09-03T14:49:15,28.82509,-91.55810,17.1,108.2,511.0,CONNOR ANTHONY,IMO8977132,WDF9838,60,0,42,9,7.0,60,A
367509350,2025-09-03T14:47:39,28.82688,-91.56657,17.4,112.1,511.0,CONNOR ANTHONY,IMO8977132,WDF9838,60,0,42,9,7.0,60,A
368027980,2025-09-04T05:28:01,28.80468,-91.42917,8.0,87.5,511.0,TRITON PATRIOT,IMO7030731,WDL4381,34,1,52,12,3.0,34,A
368027980,2025-09-04T05:17:41,28.80383,-91.45544,8.0,85.5,511.0,TRITON PATRIOT,IMO7030731,WDL4381,34,1,52,12,3.0,34,A
368027980,2025-09-04T05:13:30,28.80351,-91.46602,8.0,84.7,511.0,TRITON PATRIOT,IMO7030731,WDL4381,34,1,52,12,3.0,34,A
368027980,2025-09-04T05:11:41,28.80315,-91.47057,7.9,86.9,511.0,TRITON PATRIOT,IMO7030731,WDL4381,34,1,52,12,3.0,34,A
368027980,2025-09-04T05:10:30,28.80294,-91.47357,8.0,82.3,511.0,TRITON PATRIOT,IMO7030731,WDL4381,34,1,52,12,3.0,34,A
368027980,2025-09-04T05:09:11,28.80266,-91.47684,7.9,86.3,511.0,TRITON PATRIOT,IMO7030731,WDL4381,34,1,52,12,3.0,34,A
368027980,2025-09-04T05:08:00,28.80251,-91.47984,7.9,86.5,511.0,TRITON PATRIOT,IMO7030731,WDL4381,34,1,52,12,3.0,34,A
368027980,2025-09-04T05:06:30,28.80232,-91.48360,7.8,87.4,511.0,TRITON PATRIOT,IMO7030731,WDL4381,34,1,52,12,3.0,34,A
368027980,2025-09-04T05:04:50,28.80194,-91.48775,7.9,84.7,511.0,TRITON PATRIOT,IMO7030731,WDL4381,34,1,52,12,3.0,34,A
368027980,2025-09-04T04:55:40,28.80114,-91.51051,7.8,86.4,511.0,TRITON PATRIOT,IMO7030731,WDL4381,34,1,52,12,3.0,34,A
368027980,2025-09-04T04:36:11,28.79918,-91.55795,7.6,87.1,511.0,TRITON PATRIOT,IMO7030731,WDL4381,34,1,52,12,3.0,34,A
368027980,2025-09-04T04:34:41,28.79884,-91.56163,7.7,83.0,511.0,TRITON PATRIOT,IMO7030731,WDL4381,34,1,52,12,3.0,34,A
368027980,2025-09-04T04:33:00,28.79860,-91.56562,7.6,86.0,511.0,TRITON PATRIOT,IMO7030731,WDL4381,34,1,52,12,3.0,34,A
368027980,2025-09-02T15:46:09,28.86273,-91.46871,9.4,250.6,511.0,TRITON PATRIOT,IMO7030731,WDL4381,34,0,52,12,3.0,34,A
368027980,2025-09-02T15:43:49,28.86455,-91.46211,9.5,250.6,511.0,TRITON PATRIOT,IMO7030731,WDL4381,34,0,52,12,3.0,34,A
367305890,2025-09-04T09:38:02,28.88417,-91.55936,20.3,284.3,511.0,LADY LAB,IMO9370680,WDD9017,60,0,49,9,2.2,60,A
367305890,2025-09-04T09:34:09,28.87698,-91.53587,20.4,289.4,511.0,LADY LAB,IMO9370680,WDD9017,60,0,49,9,2.2,60,A
367305890,2025-09-04T09:30:09,28.87019,-91.51157,20.0,287.3,511.0,LADY LAB,IMO9370680,WDD9017,60,0,49,9,2.2,60,A
367305890,2025-09-04T09:28:14,28.86712,-91.49992,20.1,287.8,511.0,LADY LAB,IMO9370680,WDD9017,60,0,49,9,2.2,60,A
367305890,2025-09-04T09:26:27,28.86431,-91.48910,19.9,289.2,511.0,LADY LAB,IMO9370680,WDD9017,60,0,49,9,2.2,60,A
367305890,2025-09-04T09:17:08,28.84568,-91.43477,19.9,287.9,511.0,LADY LAB,IMO9370680,WDD9017,60,0,49,9,2.2,60,A
367488370,2025-09-02T07:02:26,28.88870,-91.47939,4.3,139.9,133.0,RACHEL,IMO7600378,WDF7809,32,11,31,9,4.0,31,A
367488370,2025-09-02T07:01:19,28.88973,-91.48036,4.3,140.9,135.0,RACHEL,IMO7600378,WDF7809,32,11,31,9,4.0,31,A
367488370,2025-09-02T07:00:02,28.89096,-91.48142,4.3,144.2,136.0,RACHEL,IMO7600378,WDF7809,32,11,31,9,4.0,31,A
367161870,2025-09-04T19:07:05,28.81455,-91.46069,8.6,270.5,511.0,CAPT THANH,,WDD5672,30,,26,7,,,B
367161870,2025-09-04T18:56:05,28.81368,-91.43036,8.5,274.1,511.0,CAPT THANH,,WDD5672,30,,26,7,,,B
